{"cameraMode":{"drawMode":0,"name":"Shaded","section":"Shading Mode"},"sceneLighting":false,"audioPlay":false,"sceneViewState":{"m_AlwaysRefresh":false,"showFog":false,"showSkybox":false,"showFlares":false,"showImageEffects":false,"showParticleSystems":false,"showVisualEffectGraphs":true,"m_FxEnabled":true},"in2DMode":false,"pivot":{"x":0.04528689384460449,"y":0.47613048553466799,"z":0.5307029485702515},"rotation":{"x":0.07859871536493302,"y":0.9094985723495483,"z":-0.3551808297634125,"w":0.20128321647644044},"size":1.293572187423706,"orthographic":false}